{"cameraMode":{"drawMode":0,"name":"Shaded","section":"Shading Mode"},"sceneLighting":true,"audioPlay":false,"sceneViewState":{"m_AlwaysRefresh":false,"showFog":true,"showSkybox":true,"showFlares":true,"showImageEffects":true,"showParticleSystems":true,"showVisualEffectGraphs":true,"m_FxEnabled":true},"in2DMode":false,"pivot":{"x":13.086613655090332,"y":11.462754249572754,"z":-6.054161071777344},"rotation":{"x":0.03800952807068825,"y":-0.06321997195482254,"z":-0.002346066292375326,"w":-0.9972934126853943},"size":19.639558792114259,"orthographic":false}