{"cameraMode":{"drawMode":0,"name":"Shaded","section":"Shading Mode"},"sceneLighting":true,"audioPlay":false,"sceneViewState":{"m_AlwaysRefresh":false,"showFog":true,"showSkybox":true,"showFlares":true,"showImageEffects":true,"showParticleSystems":true,"showVisualEffectGraphs":true,"m_FxEnabled":true},"in2DMode":false,"pivot":{"x":10.04926586151123,"y":8.637434959411621,"z":-5.673427581787109},"rotation":{"x":0.002091237809509039,"y":-0.02430274337530136,"z":0.000013744218449573964,"w":-0.9997231960296631},"size":19.520490646362306,"orthographic":false}